Operator,Manufacturer,Type,Current Family,Series,Aircraft Sub Series,Engine Series,Engine Master Series,Engine Sub Series,Engine Family,Master Series,Aircraft Minor Variant,APU,Number,Build Year mean,Build Year min,Build Year max,Manufacturer and Aircraft Name/Model,Aircraft Type,Aircraft Group,Category,Code,Cirium-Aircraft-Code,Total,fraction,OAG_Year,Matched Aircraft-Engine
2K,Airbus,A320,A320 Family,A320-200,A320-214,CFM56-5B,CFM56-5,CFM56-5B4/3,CFM56,A320,214,APS3200,3,2010,2010,2010,Airbus Industrie A320,320,32S,2J,A320,A320,3.0,1.0,2010,A320 CFM565B4
3U,Airbus,A321,A320 Family,A321-200,A321-231,V2533,V2500-A5,V2533-A5SelectOne,V2500,A321,231,APS3200,1,2010,2010,2010,Airbus Industrie A321,321,32S,2J,A321,A321,8.0,0.125,2010,A321 V2533A5
3U,Airbus,A330,A330/A340 Family,A330-200E,A330-243E,Trent 772,Trent 700,Trent 772C-60EP,Trent,A330-200,243E,GTCP331-3,2,2010,2010,2010,Airbus Industrie A330-200,332,330,2J,A332,A330-200,2.0,1.0,2010,A320 CFM565B4
4U,Airbus,A319,A320 Family,A319-100,A319-132,V2524,V2500-A5,V2524-A5SelectOne,V2500,A319,132,GTCP131-9,4,2010,2010,2010,Airbus Industrie A319,319,32S,2J,A319,A319,21.0,0.1904761904761904,2010,A333 Trent772
9L,De Havilland Canada,DHC-8,DHC-8,DHC-8-400 (Q400),DHC-8-402 (Q400),PW150,PW150,PW150A,Other,DHC-8-400 (Q400),402NextGen,T-62T-46C,8,2010,2010,2010,De Havilland (Bombardier) DHC-8-400 Dash 8Q,DH4,DH8,2T,DH8D,DHC-8-400 (Q400),22.0,0.3636363636363636,2010,
AA,Boeing,737 NG,737 Family,737-800,737-800,CFM56-7B,CFM56-7,CFM56-7B27/3,CFM56,737-800,823,GTCP131-9,1,2010,2010,2010,Boeing 737-800 Passenger,738,737,2J,B738,737-800,152.0,0.006578947368421,2010,
AZ,Airbus,A330,A330/A340 Family,A330-200E,A330-202E,CF6-80E1,CF6-80,CF6-80E1A4B,CF6 Family,A330-200,202E,GTCP331-3,2,2010,2010,2010,Airbus Industrie A330-200,332,330,2J,A332,A330-200,4.0,0.5,2010,A320 CFM565B4
BA,Boeing,777,777 Family,777-300ER,777-300ER,GE90-115B,GE90 - 128 inch fan,GE90-115BL,GE90,777-300,336ER,GTCP331-5,1,2010,2010,2010,Boeing 777-300,773,777,2J,B773,777-300,3.0,0.3333333333333333,2010,
BL,Airbus,A320,A320 Family,A320-200,A320-232,V2527,V2500-A5,V2527-A5SelectOne,V2500,A320,232,GTCP131-9,1,2010,2010,2010,Airbus Industrie A320,320,32S,2J,A320,A320,2.0,0.5,2010,A320 CFM565B4
Boeing,Boeing,787,787 Family,787-8,787-8 (LN 1-22),GEnx-1B64,GEnx-1B,GEnx-1B64 PIP I,Other,787-8,8,APS5000,2,2010,2010,2010,Boeing 787-8,788,787,2J,B788,787-8,6.0,0.3333333333333333,2010,
CA,Airbus,A330,A330/A340 Family,A330-300E,A330-343E,Trent 772,Trent 700,Trent 772C-60,Trent,A330-300,343E,GTCP331-3,3,2010,2010,2010,Airbus Industrie A330-300,333,330,2J,A333,A330-300,3.0,1.0,2010,A338 Trent700072
CK,Boeing,777,777 Family,777-200LRF,777-200LRF,GE90-110B,GE90 - 128 inch fan,GE90-110B1L,GE90,777-200,F6N,GTCP331-5,4,2010,2010,2010,Boeing 777-200/ 200ER,772,777,2J,B772,777-200,4.0,1.0,2010,
CZ,Airbus,A321,A320 Family,A321-200,A321-211,CFM56-5B,CFM56-5,CFM56-5B3/3,CFM56,A321,211,GTCP131-9,5,2010,2010,2010,Airbus Industrie A321,321,32S,2J,A321,A321,57.0,0.087719298245614,2010,A321 V2533A5
CZ,Airbus,A330,A330/A340 Family,A330-200E,A330-223E,PW4170,PW4000 - 100 inch fan,PW4170 Advantage 70,PW4000,A330-200,223E,GTCP331-3,3,2010,2010,2010,Airbus Industrie A330-200,332,330,2J,A332,A330-200,9.0,0.3333333333333333,2010,B789 Trent1000K2
ET,Boeing,777,777 Family,777-200LR,777-200LR,GE90-115B,GE90 - 128 inch fan,GE90-115BL,GE90,777-200,260LR,GTCP331-5,2,2010,2010,2010,Boeing 777-200/ 200ER,772,777,2J,B772,777-200,2.0,1.0,2010,
JD,Airbus,A319,A320 Family,A319-100,A319-133,V2527,V2500-A5,V2527M-A5SelectOne,V2500,A319,133,GTCP131-9,3,2010,2010,2010,Airbus Industrie A319,319,32S,2J,A319,A319,21.0,0.1428571428571428,2010,A333 Trent772
LH,Airbus,A380,A380,A380-800,A380-841,Trent 970,Trent 900,Trent 970-84,Trent,A380-800,841,PW980A,4,2010,2010,2010,Airbus Industrie A380-800 Passenger,388,380,4J,A388,A380-800,4.0,1.0,2010,A388 Trent97284
O6,Airbus,A319,A320 Family,A319-100,A319-115,CFM56-5B,CFM56-5,CFM56-5B7/3,CFM56,A319,115,APS3200,1,2010,2010,2010,Airbus Industrie A319,319,32S,2J,A319,A319,1.0,1.0,2010,A333 Trent772
4C,Boeing,767,767 Family,767-300ER,767-300ER,CF6-80C2,CF6-80,CF6-80C2B6F,CF6 Family,767-300,316ER,GTCP331-2,3,2010,2008,2012,Boeing 767-300 Passenger,763,767,2J,B763,767-300,3.0,1.0,2015,
8L,Boeing,737 NG,737 Family,737-700,737-700,CFM56-7B,CFM56-7,CFM56-7B24E,CFM56,737-700,74P,GTCP131-9,4,2013,2013,2014,Boeing 737-700 Passenger,73G,737,2J,B737,737-700,12.0,0.3333333333333333,2015,
9W,Airbus,A330,A330/A340 Family,A330-300E,A330-302E,CF6-80E1,CF6-80,CF6-80E1A4B,CF6 Family,A330-300,302E,GTCP331-3,4,2012,2012,2013,Airbus Industrie A330-300,333,330,2J,A333,A330-300,4.0,1.0,2015,A333 Trent772
AC,Boeing,787,787 Family,787-8,787-8,GEnx-1B67,GEnx-1B,GEnx-1B67 PIP II,Other,787-8,8,APS5000,6,2014,2014,2014,Boeing 787-8,788,787,2J,B788,787-8,6.0,1.0,2015,
AC,Boeing,787,787 Family,787-9,787-9,GEnx-1B74/75,GEnx-1B,GEnx-1B74/75 PIP II,Other,787-9,9,APS5000,4,2015,2015,2015,Boeing 787-9,789,787,2J,B789,787-9,4.0,1.0,2015,
AF,Airbus,A380,A380,A380-800,A380-861,GP7270,GP7270,GP7270,Other,A380-800,861,PW980A,10,2011,2009,2014,Airbus Industrie A380-800 Passenger,388,380,4J,A388,A380-800,10.0,1.0,2015,A388 Trent97284
AM,Boeing,787,787 Family,787-8,787-8,GEnx-1B70,GEnx-1B,GEnx-1B70 PIP I,Other,787-8,8,APS5000,3,2013,2013,2013,Boeing 787-8,788,787,2J,B788,787-8,6.0,0.5,2015,
AS,Boeing,737 NG,737 Family,737-900ER,737-900ER,CFM56-7B,CFM56-7,CFM56-7B26E,CFM56,737-900,990ER,GTCP131-9,16,2013,2012,2014,Boeing 737-900 Passenger,739,737,2J,B739,737-900,46.0,0.3478260869565217,2015,
AV,Boeing,787,787 Family,787-8,787-8,Trent 1000-70,Trent 1000,Trent 1000-70 C (CE2),Trent,787-8,8,APS5000,3,2014,2014,2014,Boeing 787-8,788,787,2J,B788,787-8,4.0,0.75,2015,B789 Trent1000K2
AV,Boeing,787,787 Family,787-8,787-8,Trent 1000-70/74,Trent 1000,Trent 1000-70/74 C (D2),Trent,787-8,8,APS5000,1,2014,2014,2014,Boeing 787-8,788,787,2J,B788,787-8,4.0,0.25,2015,B789 Trent1000K2
Airbus,Airbus,A320,A320 Family,A320-200N neo,A320-271N neo,PW1127G,PW1100G - 81 inch fan,PW1127G-JM,Other,A320neo,271N,Unknown,1,2014,2014,2014,Airbus 320 NEO,32N,32N,,A20N,A320neo,1.0,1.0,2015,B789 Trent1000K2
Avcon Jet AG,Airbus,A318,A320 Family,A318-100 ACJ,A318-112 ACJ,CFM56-5B,CFM56-5,CFM56-5B9/3,CFM56,A318,112,APS3200,1,2010,2010,2010,Airbus Industrie A318,318,32S,2J,A318,A318,1.0,1.0,2015,A388 Trent97284
BA,Boeing,787,787 Family,787-8,787-8,Trent 1000-67,Trent 1000,Trent 1000-67 B (G/01A),Trent,787-8,8,APS5000,8,2013,2013,2014,Boeing 787-8,788,787,2J,B788,787-8,8.0,1.0,2015,B789 Trent1000K2
BA,Boeing,787,787 Family,787-9,787-9,Trent 1000-74,Trent 1000,Trent 1000-74 C (J2),Trent,787-9,9,APS5000,5,2015,2015,2015,Boeing 787-9,789,787,2J,B789,787-9,5.0,1.0,2015,B789 Trent1000K2
Boeing,Boeing,787,787 Family,787-8,787-8 (LN 1-22),Trent 1000-58,Trent 1000,Trent 1000-58 B (H01/A),Trent,787-8,8,APS5000,1,2010,2010,2010,Boeing 787-8,788,787,2J,B788,787-8,1.0,1.0,2015,B789 Trent1000K2
CA,Airbus,A321,A320 Family,A321-200,A321-232,V2530,V2500-A5,V2530-A5SelectOne,V2500,A321,232,GTCP131-9,12,2011,2011,2012,Airbus Industrie A321,321,32S,2J,A321,A321,49.0,0.2448979591836734,2015,A321 V2533A5
CZ,Airbus,A330,A330/A340 Family,A330-300E,A330-323E,PW4170,PW4000 - 100 inch fan,PW4170 Advantage 70,PW4000,A330-300,323E,GTCP331-3,11,2014,2013,2015,Airbus Industrie A330-300,333,330,2J,A333,A330-300,19.0,0.5789473684210527,2015,B789 Trent1000K2
ET,Boeing,787,787 Family,787-8,787-8,GEnx 1B70/75,GEnx-1B,GEnx-1B70/75 PIP I,Other,787-8,8,APS5000,9,2013,2012,2014,Boeing 787-8,788,787,2J,B788,787-8,10.0,0.9,2015,
HY,Boeing,767,767 Family,767-300ER,767-300ER,PW4062,PW4000 - 94 inch fan,PW4062,PW4000,767-300,33PER,GTCP331-2,6,2010,2004,2013,Boeing 767-300 Passenger,763,767,2J,B763,767-300,9.0,0.6666666666666666,2015,
LA,Boeing,787,787 Family,787-8,787-8,Trent 1000-64,Trent 1000,Trent 1000-64 B (AE/01A),Trent,787-8,8,APS5000,4,2012,2012,2013,Boeing 787-8,788,787,2J,B788,787-8,10.0,0.4,2015,B789 Trent1000K2
NH,Boeing,777,777 Family,777-200ER,777-200ER,PW4074,PW4000 - 112 inch fan,PW4074D,PW4000,777-200,281ER,GTCP331-5,5,2012,2012,2013,Boeing 777-200/ 200ER,772,777,2J,B772,777-200,28.0,0.1785714285714285,2015,A20N PW1127GJM
OZ,Airbus,A330,A330/A340 Family,A330-300E,A330-323E,PW4168,PW4000 - 100 inch fan,PW4168A-1D,PW4000,A330-300,323E,GTCP331-3,8,2011,2009,2014,Airbus Industrie A330-300,333,330,2J,A333,A330-300,15.0,0.5333333333333333,2015,B789 Trent1000K2
VS,Boeing,787,787 Family,787-9,787-9,Trent 1000-74/76,Trent 1000,Trent 1000-74/76 C (K2),Trent,787-9,9,APS5000,9,2014,2014,2015,Boeing 787-9,789,787,2J,B789,787-9,9.0,1.0,2015,B789 Trent1000K2
3U,Airbus,A321,A320 Family,A321-200N neo,A321-271N neo,PW1133G,PW1100G - 81 inch fan,PW1133G-JM,Other,A321neo,271N,GTCP131-9,8,2018,2018,2018,Airbus 321 NEO,32Q,32Q,,A21N,A321neo,8.0,1.0,2019,B789 Trent1000K2
3U,Airbus,A350,A350,A350-900,A350-941,Trent XWB-84,Trent XWB,Trent XWB-84,Trent,A350-900,941,HGT1700,3,2016,2016,2018,Airbus Industrie A350-900,359,350,2J,ZZZZ,A350-900,3.0,1.0,2019,A333 Trent772
4K,Airbus,A330,A330/A340 Family,A330-900neo,A330-941neo,Trent 7000,Trent 7000,Trent 7000-72,Trent,A330-900neo,941,GTCP331-3,2,2019,2019,2019,Airbus Industrie A330-900 (Carla Add),339,330,2J,A339,A330-900neo,2.0,1.0,2019,A338 Trent700072
4O,Airbus,A320,A320 Family,A320-200N neo,A320-251N neo,LEAP-1A,LEAP-1A,LEAP-1A26,Other,A320neo,251N,GTCP131-9,3,2017,2017,2017,Airbus 320 NEO,32N,32N,,A20N,A320neo,3.0,1.0,2019,A320 CFM565B4
4O,Airbus,A321,A320 Family,A321-200N neo,A321-251N neo,LEAP-1A,LEAP-1A,LEAP-1A32,Other,A321neo,251N,GTCP131-9,7,2018,2018,2018,Airbus 321 NEO,32Q,32Q,,A21N,A321neo,8.0,0.875,2019,A321 V2533A5
AM,Boeing,787,787 Family,787-9,787-9,GEnx-1B76,GEnx-1B,GEnx-1B76A PIP II,Other,787-9,9,APS5000,7,2017,2016,2019,Boeing 787-9,789,787,2J,B789,787-9,10.0,0.7,2019,
Abu Dhabi Presidential Flight,Boeing,787,787 Family,787-9 BBJ,787-9 BBJ,GEnx-1B64,GEnx-1B,GEnx-1B64 PIP II,Other,787-9,9BBJ,APS5000,1,2019,2019,2019,Boeing 787-9,789,787,2J,B789,787-9,2.0,0.5,2019,
Airbus,Airbus,A319,A320 Family,A319-100N neo,A319-171N neo,PW1124G,PW1100G - 81 inch fan,PW1124G-JM,Other,A319neo,171N,GTCP131-9,1,2017,2017,2017,Airbus 319 NEO,31N,31N,,A19N,A319neo,1.0,1.0,2019,B789 Trent1000K2
Airbus,Airbus,A330,A330/A340 Family,A330-700L,A330-743L,Trent 772,Trent 700,Trent 772B-60EP,Trent,A330-700,743L,GTCP331-3,1,2018,2018,2018,Airbus Industrie A330-700 (Carla Add),337,330,2J,A337,A330-700,1.0,1.0,2019,A338 Trent700072
Airbus,Airbus,A330,A330/A340 Family,A330-800neo,A330-841neo,Trent 7000,Trent 7000,Trent 7000-72,Trent,A330-800neo,841,GTCP331-3,1,2018,2018,2018,Airbus Industrie A330-800 (Carla Add),338,330,2J,A338,A330-800neo,1.0,1.0,2019,A388 Trent97284
Airbus,Airbus,A350,A350,A350-1000,A350-1041,Trent XWB-97,Trent XWB,Trent XWB-97,Trent,A350-1000,1041,HGT1700,1,2016,2016,2016,Airbus Industrie A350-1000,351,350,2J,ZZZZ,A350-1000,1.0,1.0,2019,A333 Trent772
BG,Boeing,787,787 Family,787-9,787-9,GEnx 1B70/75,GEnx-1B,GEnx-1B70/75 PIP II,Other,787-9,9,APS5000,1,2019,2019,2019,Boeing 787-9,789,787,2J,B789,787-9,2.0,0.5,2019,
BR,Boeing,787,787 Family,787-10,787-10,GEnx-1B76,GEnx-1B,GEnx-1B76 PIP II,Other,787-10,10,APS5000,4,2019,2019,2019,Boeing 787-10 (Carla Add),781,787,2J,B78X,787-10,4.0,1.0,2019,
BY,Boeing,787,787 Family,787-9,787-9,GEnx-1B70,GEnx-1B,GEnx-1B70 PIP II,Other,787-9,9,APS5000,6,2017,2016,2019,Boeing 787-9,789,787,2J,B789,787-9,6.0,1.0,2019,
EK,Airbus,A380,A380,A380-800,A380-842,Trent 972,Trent 900,Trent 972-84EP3,Trent,A380-800,842,PW980A,19,2016,2014,2018,Airbus Industrie A380-800 Passenger,388,380,4J,A388,A380-800,108.0,0.1759259259259259,2019,A388 Trent97284
EY,Boeing,787,787 Family,787-10,787-10,GEnx-1B74/75,GEnx-1B,GEnx-1B74/75 PIP II,Other,787-10,10,APS5000,7,2018,2018,2019,Boeing 787-10 (Carla Add),781,787,2J,B78X,787-10,7.0,1.0,2019,
GF,Boeing,787,787 Family,787-9,787-9,Trent 1000-70/74,Trent 1000,Trent 1000-70/74 C (D2),Trent,787-9,9,APS5000,1,2018,2018,2018,Boeing 787-9,789,787,2J,B789,787-9,7.0,0.1428571428571428,2019,B789 Trent1000K2
NH,Airbus,A321,A320 Family,A321-200N neo,A321-272N neo,PW1130G,PW1100G - 81 inch fan,PW1130G-JM,Other,A321neo,272N,GTCP131-9,10,2017,2017,2018,Airbus 321 NEO,32Q,32Q,,A21N,A321neo,10.0,1.0,2019,B789 Trent1000K2
NH,Boeing,787,787 Family,787-10,787-10,Trent 1000-76,Trent 1000,Trent 1000-76 TEN (M3),Trent,787-10,10,APS5000,2,2019,2019,2019,Boeing 787-10 (Carla Add),781,787,2J,B78X,787-10,2.0,1.0,2019,B789 Trent1000K2
SQ,Airbus,A350,A350,A350-900,A350-941,Trent XWB-75,Trent XWB,Trent XWB-75,Trent,A350-900,941,HGT1700,2,2018,2018,2018,Airbus Industrie A350-900,359,350,2J,ZZZZ,A350-900,30.0,0.0666666666666666,2019,A333 Trent772
SV,Airbus,A330,A330/A340 Family,A330-300E,A330-341E,Trent 768,Trent 700,Trent 768-60EP2 Regional,Trent,A330-300,341E,GTCP331-3,20,2016,2016,2017,Airbus Industrie A330-300,333,330,2J,A333,A330-300,32.0,0.625,2019,A338 Trent700072
United States Air Force,Boeing,767,767 Family,767-2C,KC-46A (767-2C),PW4062,PW4000 - 94 inch fan,PW4062B,PW4000,767-200,KC-46A,GTCP331-2,27,2018,2017,2019,Boeing 767-200 Passenger,762,767,2J,B762,767-200,27.0,1.0,2019,
