Aircraft.Type,Number_of_Operations,Annual_Distance,Annual_Fuelburn
100,47137.0,17559860.064,124648052.499
142,252.0,34589.076,249795.86200000002
146,9908.0,2841992.342,21495764.169
220,165.0,0.0,0.0
221,74762.0,54735917.518,352043405.951
223,191627.0,124002308.924,831594024.903
290,25440.0,8692548.451,48913027.5
295,51394.0,25981035.112,177018837.669
310,8867.0,6500374.188,78092382.136
313,1031.0,815095.799,9690980.979
318,23560.0,10230356.132000001,76530959.242
319,1421489.0,814563089.213,5637237873.398
31B,685.0,0.0,0.0
31N,2448.0,0.0,0.0
320,5831543.0,3683754052.267,25471556304.668
321,2080007.0,1528354695.776,13155416199.341
32A,775935.0,490257450.671,3409176604.814
32B,218168.0,197916124.72,1640240321.763
32N,842884.0,673656200.917,4034432705.495
32Q,496095.0,504628325.11,3330606088.915
32S,108127.0,100948083.324,672289449.82
330,101363.0,136387530.596,1951052852.47
332,152096.0,290800206.745,4032584622.479
333,249808.0,473959177.521,6560355715.738
338,1874.0,0.0,0.0
339,31143.0,106423686.307,1357276146.658
340,4365.0,5695324.488,93000159.993
343,16667.0,57107966.535,876026347.423
345,286.0,298704.591,6110336.172
346,3210.0,11361301.441,218359593.77199998
350,6216.0,11742928.736,167565302.82
351,30185.0,113786784.937,1743945784.555
359,191604.0,520457408.29,7189357132.519
380,236.0,1284391.531,35696688.687
388,50087.0,173632417.195,4858687168.307
717,193727.0,62831171.529,483003114.251
732,6314.0,1975833.0659999999,18690451.929
733,82207.0,38655148.959,281194140.948
734,33204.0,14649419.519,119166908.214
735,60370.0,22452814.801,171431969.616
736,14453.0,8756043.684,58216831.545
737,491914.0,262721787.542,1885579167.983
738,3199288.0,2232647812.118,16444519755.227
739,489464.0,441550368.842,3275291226.066
73C,8369.0,4963763.935,35240287.556
73E,105098.0,62166456.237,416842788.382
73F,174.0,263818.398,1584448.523
73G,225105.0,138732845.872,973712168.621
73H,2543511.0,1888043123.833,13771333762.77
73J,128281.0,145142146.419,1032480260.847
73L,40011.0,27016577.225,202018559.244
73M,10683.0,8664283.064,62912303.798
73Q,3669.0,3070109.354,22090876.041
73R,8206.0,5694039.573,38505595.469000004
73W,912944.0,541263725.252,3865678792.316
744,4038.0,12672541.807,281191842.176
747,1568.0,1330302.53,32518026.327999998
74E,209.0,603433.593,13466051.356
74H,10031.0,45325000.644999996,1047566170.89
752,29011.0,47210506.027,409093312.232
753,29196.0,36169836.25,361508927.22
757,85966.0,67342434.226,646953094.251
75T,9369.0,12481756.92,121366914.82
75W,24760.0,41000682.937,343819514.689
762,2160.0,3563394.885,38441200.553
763,43029.0,91040262.623,1044173913.078
764,16550.0,47506987.248,604735584.726
767,52691.0,32292898.668,447923269.351
76W,39810.0,99785640.344,1143668703.351
772,62538.0,172510114.472,2678249449.675
773,47697.0,128753802.679,2238131523.785
777,59564.0,181065944.244,2788324001.92
77L,22060.0,68108849.349,1134529329.827
77W,315318.0,930761519.208,16786109924.227
781,21854.0,68084105.932,880085545.669
787,60034.0,81569900.25,1000243888.522
788,194449.0,468322618.644,5299035873.411
789,263346.0,810904445.32,9470105394.215
7M1,11.0,0.0,0.0
7M7,18543.0,0.0,0.0
7M8,560611.0,563098302.856,3301270669.417
7M9,116501.0,154207864.549,910142348.526
7S8,50497.0,50402890.727,342399579.6
A26,774.0,178635.367,827766.2270000001
A38,8.0,0.0,0.0
A81,150.0,45471.094,281546.951
AB4,646.0,363962.363,6076410.041
AB6,5235.0,3494102.468,48984029.478
AGH,208.0,0.0,0.0
AN4,17873.0,7436542.193,27293392.217
AN6,229.0,125025.647,565392.106
AR8,9426.0,1877919.3730000001,16139948.454
AT4,160452.0,25901256.604,89484839.561
AT7,922255.0,156946297.848,624956929.0600001
ATR,294548.0,52011010.969,213199956.678
AWH,4399.0,0.0,0.0
BE1,21840.0,3185707.751,6673744.291
BE2,2.0,0.0,0.0
BEH,38908.0,7556521.371,14203691.055
BES,6322.0,489303.08999999997,1338019.396
BET,25200.0,3897889.319,8003629.004
BH2,6432.0,0.0,0.0
BNI,30257.0,1431127.479,580351.688
C27,63091.0,0.0,0.0
CN1,42726.0,0.0,0.0
CN2,48006.0,0.0,0.0
CNA,177270.0,11981917.58,3278439.9189999998
CNC,468942.0,90689575.177,82731092.606
CNF,2777.0,300886.669,433833.163
CNT,5096.0,891039.852,1188372.993
CR1,15714.0,7345463.3040000005,26427290.692
CR2,34700.0,12137897.996,46317430.278
CR5,56681.0,0.0,0.0
CR7,298616.0,119544726.61,668125644.27
CR9,668444.0,264578111.652,1487182160.466
CRJ,355533.0,114986468.744,638852243.896
CRK,57136.0,19632577.194,114646453.705
D28,12135.0,1039728.405,1895273.8909999998
D38,2148.0,442638.555,1260041.0389999999
DC9,209.0,114009.356,1003244.2749999999
DH1,126669.0,35827084.517,96814453.09099999
DH2,47546.0,5735036.188,18342858.426
DH3,115973.0,20829843.81,72476019.334
DH4,465246.0,117563679.5,531075049.722
DH7,912.0,96832.23700000001,375169.648
DH8,258079.0,55423447.726,246853402.51
DHB,225.0,0.0,0.0
DHC,11915.0,1483022.961,6341972.684
DHL,1646.0,166695.148,203381.449
DHP,7089.0,727693.987,889621.111
DHS,6544.0,0.0,0.0
DHT,196931.0,40062379.566,61855685.775000006
E70,233895.0,82953824.189,465232838.865
E75,599630.0,275139161.49,1433530423.729
E7W,371405.0,175271373.099,904272298.693
E90,611865.0,263325439.727,1655173457.26
E95,255154.0,90403163.073,624772431.275
EC5,5414.0,0.0,0.0
EM2,32050.0,4428942.897,13061959.826
EMB,3101.0,483550.632,856921.674
EMJ,2041.0,765922.9349999999,4774896.591
EP3,1540.0,0.0,0.0
ER3,37934.0,12347227.498,47182524.313
ER4,298431.0,76661989.19,342440527.49
ERD,14058.0,5600888.932,20422018.495
ERJ,109631.0,36809845.734,146598784.545
F50,18471.0,3912345.195,12744237.465
F70,11495.0,4124986.637,26204920.221
FRJ,6640.0,1830762.034,7241145.572000001
GRJ,2084.0,0.0,0.0
IL9,37.0,95000.837,1619508.7589999998
J32,25456.0,3558074.853,6128964.715
J41,21164.0,2480167.944,5692595.955
L4T,8223.0,901340.495,1874295.817
M80,236.0,95761.09300000001,903792.816
M82,26842.0,10841629.665000001,102638727.925
M83,21658.0,8250972.126,80100440.172
M88,6355.0,3226092.403,28408846.329
MA6,8940.0,1507164.693,6712936.177
MIH,194.0,0.0,0.0
NDE,1143.0,0.0,0.0
PA1,5415.0,0.0,0.0
PA2,7152.0,0.0,0.0
PAG,11866.0,853290.953,485566.583
PL2,43196.0,6368968.322,7483489.354
S20,2107.0,445338.705,1724084.4610000001
S76,8588.0,0.0,0.0
SF3,112237.0,19349129.941,50607579.589
SFB,17439.0,2441591.502,6210044.336
SU9,117286.0,83529614.573,487758159.849
SWM,26169.0,3579164.207,5962484.557
T12,21489.0,0.0,0.0
T20,2.0,4120.243,35554.143
YK2,302.0,136739.017,1351685.732
YK4,1235.0,500202.10000000003,2555565.795
