Tempearture [C],Temperature [K],IWC [g/m3]
-77.49947287,195.6505271,0.001409341
-77.13175096,196.018249,0.001777863
-76.88660302,196.263397,0.001798807
-76.55390225,196.5960977,0.00084724
-76.50137055,196.6486294,0.001750773
-76.50137055,196.6486294,0.000352028
-76.1599145,196.9900855,0.000335495
-76.2124462,196.9375538,0.000278766
-76.1599145,196.9900855,0.004657183
-76.08111694,197.0688831,0.00165382
-76.1599145,196.9900855,0.00061103
-76.13364864,197.0163514,0.001401638
-75.95729222,197.1927078,0.001945846
-75.97605354,197.1739465,0.000877581
-75.92352184,197.2264782,0.008009398
-75.97605354,197.1739465,0.000114946
-75.89725599,197.252744,0.039003757
-75.81845844,197.3315416,0.014415909
-75.84472429,197.3052757,0.000733335
-75.76592674,197.3840733,0.06155967
-75.77905966,197.3709403,0.001672147
-75.76592674,197.3840733,0.000219443
-75.66086334,197.4891367,0.030040576
-75.67280236,197.4771976,0.002098497
-75.66086334,197.4891367,0.001325671
-75.73966089,197.4103391,0.000838508
-75.60833164,197.5416684,0.001045447
-75.53703861,197.6129614,0.002662048
-75.49801507,197.6519849,0.014017071
-75.63459749,197.5154025,0.007928157
-75.55579994,197.5942001,0.004640644
-75.58206579,197.5679342,0.001622528
-75.52953409,197.6204659,0.000217953
-75.39820483,197.7517952,0.022674084
-75.40696012,197.7430399,0.001903715
-75.39820483,197.7517952,1.41914E-05
-75.47700238,197.6729976,0.029487497
-75.34567313,197.8043269,0.001339002
-75.36143264,197.7885674,1.03121E-05
-75.26687558,197.8831244,0.002688855
-75.37193898,197.778061,0.002455198
-75.24060973,197.9093903,0.013508426
-75.21434388,197.9356561,0.001953836
-75.24060973,197.9093903,0.010361204
-75.24060973,197.9093903,0.001040058
-75.08301463,198.0669854,0.023095757
-75.0882678,198.0617322,0.01664193
-75.04624244,198.1037576,0.00161898
-75.08301463,198.0669854,0.00138709
-75.05674878,198.0932512,0.000861225
-75.13554633,198.0144537,0.000670116
-75.13554633,198.0144537,0.000112049
-75.05674878,198.0932512,3.85857E-05
-75.10928048,198.0407195,1.03391E-05
-75.00421708,198.1457829,5.55137E-05
-75.10928048,198.0407195,1.96071E-05
-74.97795123,198.1720488,0.018663651
-74.87288783,198.2771122,0.002098935
-74.97795123,198.1720488,0.000930572
-74.89915368,198.2508463,0.023368291
-74.79409027,198.3559097,2.13635E-05
-74.8072232,198.3427768,0.001680529
-74.68902687,198.4609731,0.010624441
-74.68902687,198.4609731,0.001472117
-74.68902687,198.4609731,0.000780991
-74.74155857,198.4084414,6.95619E-05
-74.76782442,198.3821756,5.57908E-05
-74.66276102,198.487239,1.039E-05
-74.71529272,198.4347073,0.002430014
-74.55769762,198.5923024,0.001998691
-74.55769762,198.5923024,0.001172698
-74.50516592,198.6448341,0.003306932
-74.47890007,198.6710999,0.001315175
-74.47890007,198.6710999,0.000843842
-74.50516592,198.6448341,0.000324488
-74.50516592,198.6448341,3.83846E-05
-74.53143177,198.6185682,0.017786526
-74.47890007,198.6710999,0.000985257
-74.45263422,198.6973658,0.00070826
-74.45263422,198.6973658,0.000277442
-74.53143177,198.6185682,0.000157158
-74.45263422,198.6973658,2.22422E-05
-74.34381855,198.8061814,0.001748328
-74.40010252,198.7498975,0.001496731
-74.47890007,198.6710999,1.04773E-05
-74.37383667,198.7761633,0.007978592
-74.42636837,198.7236316,0.006540771
-74.36333033,198.7866697,0.002613106
-74.40010252,198.7498975,7.00246E-05
-74.29503912,198.8549609,0.002292548
-74.24250742,198.9074926,0.002035861
-74.32130497,198.828695,0.003357243
-74.18997572,198.9600243,0.00127708
-74.18997572,198.9600243,0.000870321
-74.29503912,198.8549609,0.00042732
-74.17684279,198.9731572,3.94621E-05
-74.12431109,199.0256889,0.000160752
-74.03763378,199.1123662,0.018220321
-74.16370987,198.9862901,0.001688701
-74.08491231,199.0650877,0.000654837
-74.03238061,199.1176194,0.000576641
-74.11117816,199.0388218,2.77297E-05
-73.97328245,199.1767176,7.49762E-05
-73.95358306,199.1964169,0.025741069
-74.00611476,199.1438852,0.021987471
-73.95358306,199.1964169,0.011060111
-73.95358306,199.1964169,0.002013175
-74.00611476,199.1438852,0.001181614
-73.88003868,199.2699613,0.003316322
-73.89354683,199.2564532,0.000899878
-73.95358306,199.1964169,0.006539802
-73.82225381,199.3277462,0.001342878
-73.90105136,199.2489486,0.000832399
-73.79598796,199.354012,0.000528845
-73.87478551,199.2752145,0.000434886
-73.87478551,199.2752145,0.000174419
-73.76972211,199.3802779,0.000345562
-73.82225381,199.3277462,0.019085924
-73.78285503,199.367145,0.008188087
-73.74345626,199.4065437,0.00237107
-73.69842909,199.4515709,0.00071014
-73.74345626,199.4065437,0.000285196
-73.73294992,199.4170501,0.000130198
-73.69092456,199.4590754,0.004001792
-73.67779163,199.4722084,7.86355E-05
-73.74345626,199.4065437,2.77265E-05
-73.61212701,199.537873,0.001591765
-73.63839286,199.5116071,0.009005059
-73.55434214,199.5956579,0.003256217
-73.63839286,199.5116071,0.001043044
-73.58586116,199.5641388,0.000104242
-73.49393068,199.6560693,0.001374196
-73.53332946,199.6166705,0.000891502
-73.50706361,199.6429364,0.000560274
-73.4545319,199.6954681,1.28846E-05
-73.4545319,199.6954681,0.000733527
-73.48079775,199.6692022,0.000142007
-73.3494685,199.8005315,0.00381449
-73.3494685,199.8005315,0.002080342
-73.3494685,199.8005315,7.96939E-05
-73.4545319,199.6954681,2.37447E-05
-73.2969368,199.8530632,0.001679734
-73.2969368,199.8530632,0.000226403
-73.27067095,199.879329,0.000168398
-73.27067095,199.879329,0.003182738
-73.2444051,199.9055949,0.000821091
-73.2969368,199.8530632,9.43099E-05
-73.2969368,199.8530632,4.6257E-05
-73.27067095,199.879329,0.001365449
-73.17728126,199.9727187,0.001126896
-73.28117729,199.8688227,0.000574954
-73.21813925,199.9318607,0.000346376
-73.21813925,199.9318607,5.52961E-05
-73.2444051,199.9055949,1.27542E-05
-73.1393417,200.0106583,1.98943E-05
-73.1393417,200.0106583,0.003827107
-73.08681,200.06319,0.002129798
-73.0342783,200.1157217,0.00018728
-73.11307585,200.0369242,7.66603E-05
-73.11307585,200.0369242,0.001688145
-73.11307585,200.0369242,0.001049921
-73.08681,200.06319,0.000697308
-72.9817466,200.1682534,0.000514077
-72.96298528,200.1870147,0.000216358
-72.9817466,200.1682534,0.000149343
-72.9292149,200.2207851,0.003084776
-72.9292149,200.2207851,0.002580453
-73.00801245,200.1419876,0.000461554
-72.88193637,200.2680636,0.004480166
-72.85792187,200.2920781,0.001431882
-72.85041735,200.2995827,0.001173256
-72.8766832,200.2733168,0.000370786
-72.8766832,200.2733168,0.000117574
-72.82415149,200.3258485,6.10651E-05
-72.79788564,200.3521144,4.85483E-05
-72.71908809,200.4309119,0.000832091
-72.71908809,200.4309119,9.80168E-05
-72.77161979,200.3783802,0.00185803
-72.66655639,200.4834436,0.00014733
-72.61402469,200.5359753,0.003158059
-72.59826518,200.5517348,0.002719383
-72.69282224,200.4571778,0.004452822
-72.56149299,200.588507,0.001365146
-72.57900356,200.5709964,0.001107869
-72.56149299,200.588507,0.000436541
-72.59651412,200.5534859,0.000353081
-72.56149299,200.588507,0.000108799
-72.53522714,200.6147729,0.000214293
-72.53522714,200.6147729,0.000177307
-72.56149299,200.588507,6.07524E-05
-72.45642959,200.6935704,0.002291228
-72.45642959,200.6935704,0.00162915
-72.40389789,200.7461021,0.00086196
-72.43016374,200.7198363,0.000557262
-72.43016374,200.7198363,0.000151343
-72.40389789,200.7461021,0.003157851
-72.43016374,200.7198363,0.002797273
-72.37763204,200.772368,0.001365067
-72.24630279,200.9036972,0.001155389
-72.29883449,200.8511655,0.000418509
-72.24630279,200.9036972,0.000311152
-72.25005505,200.8999449,0.000198134
-72.31634505,200.8336549,0.000108791
-72.29883449,200.8511655,4.62426E-05
-72.27256864,200.8774314,0.000672906
-72.27256864,200.8774314,0.000244149
-72.19377109,200.9562289,0.000173741
-72.13598621,201.0140138,0.001746615
-72.14123938,201.0087606,0.00048862
-72.14123938,201.0087606,0.000794959
-72.06244183,201.0875582,0.000141658
-72.08870768,201.0612923,7.28601E-05
-72.00991013,201.1400899,0.002225875
-72.06244183,201.0875582,3.94692E-05
-72.06244183,201.0875582,2.7341E-05
-71.98364428,201.1663557,0.001146572
-71.91797966,201.2320203,0.000322999
-71.93986786,201.2101321,0.000200802
-72.03617598,201.113824,1.02081E-05
-71.87858088,201.2714191,0.000113836
-71.93111258,201.2188874,0.000552503
-71.83918211,201.3108179,0.000454827
-71.85231503,201.297685,6.4048E-05
-71.66845408,201.4815459,0.000366919
-71.61592238,201.5340776,0.000312666
-71.74725163,201.4027484,0.0002042
-71.56339068,201.5866093,0.000138382
-71.66845408,201.4815459,0.000115373
-71.54763117,201.6023688,7.36173E-05
-71.56339068,201.5866093,8.34951E-05
-71.49209765,201.6579023,6.4342E-05
-71.45832727,201.6916727,0.002514924
-71.51085898,201.639141,0.000451347
-71.45832727,201.6916727,0.000157404
-71.37952972,201.7704703,3.29206E-05
-71.28879315,201.8612069,0.000291115
-71.32699802,201.823002,0.000967847
-71.35326387,201.7967361,0.000140486
-71.32699802,201.823002,1.28111E-05
-71.19566877,201.9543312,0.001499517
-71.19566877,201.9543312,0.00121691
-71.19566877,201.9543312,0.000181461
-71.24820047,201.9017995,0.000113336
-71.17465609,201.9753439,9.54934E-05
-71.2088017,201.9411983,6.70988E-05
-71.14313707,202.0068629,0.014837851
-71.16940292,201.9805971,0.002579031
-71.14313707,202.0068629,0.00175669
-71.11687122,202.0331288,2.11457E-05
-70.98554197,202.164458,0.000735743
-71.03807367,202.1119263,0.000489275
-71.11687122,202.0331288,0.000279261
-70.98554197,202.164458,0.000196395
-70.93301027,202.2169897,0.000979203
-70.93301027,202.2169897,0.00013976
-70.93301027,202.2169897,4.42425E-05
-70.98554197,202.164458,1.75219E-05
-70.85421272,202.2957873,0.001499988
-70.98554197,202.164458,0.001220935
-70.89923989,202.2507601,0.000379214
-70.82269369,202.3273063,0.000190971
-70.88047857,202.2695214,0.000159914
-70.88923385,202.2607662,9.78507E-05
-70.8767263,202.2732737,6.39592E-05
-70.95927612,202.1907239,0.015422971
-70.82794686,202.3220531,0.001695481
-70.88047857,202.2695214,0.000118594
-70.88047857,202.2695214,7.56452E-05
-70.80168101,202.348319,2.44305E-05
-70.77541516,202.3745848,0.00086152
-70.74914931,202.4008507,0.004390558
-70.72288346,202.4271165,0.000238988
-70.72288346,202.4271165,5.2178E-05
-70.72288346,202.4271165,1.21367E-05
-70.80168101,202.348319,0.002604923
-70.80168101,202.348319,0.000714635
-70.59155421,202.5584458,0.000957896
-70.61782006,202.5321799,0.000335478
-70.64408591,202.5059141,0.000140929
-70.74914931,202.4008507,4.62201E-05
-70.56528836,202.5847116,0.001514446
-70.56528836,202.5847116,0.000604438
-70.54427568,202.6057243,0.000418702
-70.55403157,202.5959684,0.00027205
-70.56290056,202.5870994,0.000201146
-70.56528836,202.5847116,0.000158825
-70.56528836,202.5847116,0.000103331
-70.56528836,202.5847116,6.39683E-05
-70.49962373,202.6503763,0.001665592
-70.49399534,202.6560047,9.22753E-05
-70.48649081,202.6635092,2.3883E-05
-70.46022496,202.689775,0.002124466
-70.43395911,202.7160409,0.00011948
-70.46397722,202.6860228,7.58267E-05
-70.43395911,202.7160409,0.00427341
-70.40769326,202.7423067,5.25255E-05
-70.33473256,202.8152674,0.000560032
-70.40769326,202.7423067,2.86704E-05
-70.31388665,202.8361134,0.000942724
-70.43395911,202.7160409,0.000892439
-70.27636401,202.873636,0.000355808
-70.30262986,202.8473701,0.000141866
-70.29137306,202.8586269,4.41911E-05
-70.25009816,202.8999018,0.000659026
-70.27636401,202.873636,0.000388307
-70.27636401,202.873636,0.000258375
-70.25009816,202.8999018,0.000206699
-70.23133683,202.9186632,0.000159229
-70.24134287,202.9086571,6.89975E-05
-70.25009816,202.8999018,1.21758E-05
-70.27636401,202.873636,0.007678531
-70.20632174,202.9436783,0.001792026
-70.30262986,202.8473701,0.001619847
-70.22383231,202.9261677,0.001119049
-70.1713006,202.9786994,0.000577887
-70.1713006,202.9786994,9.04346E-05
-70.28949693,202.8605031,2.38413E-05
-70.15160122,202.9983988,0.000124711
-70.25009816,202.8999018,0.000111314
-70.08124626,203.0687537,0.000804253
-70.09250305,203.0574969,5.29645E-05
-70.12927524,203.0207248,1.02952E-05
-70.0662372,203.0837628,0.001350365
-70.03997135,203.1100286,0.00052035
-70.09250305,203.0574969,0.000892343
-70.00057258,203.1494274,0.000341253
-70.00057258,203.1494274,0.000287755
-69.98368739,203.1663126,4.29914E-05
-69.91614663,203.2338534,0.000222547
-69.98743965,203.1625603,0.000195015
-69.92440161,203.2255984,0.000164831
-69.95066746,203.1993325,0.000145626
-69.93490795,203.215092,6.94689E-05
-69.94804088,203.2019591,1.19161E-05
-69.98743965,203.1625603,0.003784892
-69.98743965,203.1625603,0.000604736
-69.9086421,203.2413579,9.43686E-05
-69.84560406,203.3043959,0.000395981
-69.77731285,203.3726872,0.00077979
-69.77731285,203.3726872,5.1119E-05
-69.8561104,203.2938896,0.001336701
-69.67224945,203.4777506,0.000534276
-69.72478115,203.4252189,2.18017E-05
-69.77731285,203.3726872,0.000306338
-69.65123677,203.4987632,0.000110286
-69.751047,203.398953,4.07917E-05
-69.59870507,203.5512949,0.00043059
-69.61971775,203.5302823,0.000243126
-69.60777872,203.5422213,0.000202458
-69.61971775,203.5302823,0.000173192
-69.63847907,203.5115209,0.000146836
-69.60846095,203.541539,7.79142E-05
-69.61971775,203.5302823,6.45988E-05
-69.72478115,203.4252189,3.48191E-05
-69.751047,203.398953,1.6319E-05
-69.61971775,203.5302823,1.18498E-05
-69.54842472,203.6015753,0.000131386
-69.5934519,203.5565481,9.68548E-05
-69.5409202,203.6090798,0.00277785
-69.51465435,203.6353457,0.001034704
-69.49889483,203.6511052,2.79332E-05
-69.44753051,203.7024695,0.00075898
-69.45018362,203.6998164,5.07395E-05
-69.40959094,203.7404091,0.00251331
-69.43585679,203.7141432,0.000551514
-69.40959094,203.7404091,0.000484925
-69.34989583,203.8001042,0.000117588
-69.36231241,203.7876876,8.64412E-05
-69.29258852,203.8574115,0.002080883
-69.27826169,203.8717383,0.001292194
-69.27826169,203.8717383,0.000428593
-69.31766047,203.8323395,0.000371309
-69.2899354,203.8600646,0.000323686
-69.29258852,203.8574115,0.000248825
-69.30452754,203.8454725,0.000209264
-69.30452754,203.8454725,0.00018568
-69.30452754,203.8454725,0.000164477
-69.30452754,203.8454725,0.000145695
-69.29327075,203.8567293,7.00137E-05
-69.32028705,203.8297129,6.3194E-05
-69.23323452,203.9167655,0.001502205
-69.23098316,203.9190168,0.000863718
-69.24073905,203.909261,0.000101899
-69.25199584,203.8980042,1.8327E-05
-69.17319829,203.9768017,0.001789185
-69.19946414,203.9505359,0.001008793
-69.19946414,203.9505359,2.98668E-05
-69.14693244,204.0030676,0.003229893
-69.14693244,204.0030676,0.000683204
-69.16794512,203.9820549,5.19948E-05
-69.08246172,204.0675383,0.002570252
-69.05062432,204.0993757,0.000558551
-69.03061224,204.1193878,0.00047677
-69.02610953,204.1238905,0.000125514
-69.04186904,204.108131,9.18348E-05
-68.98933734,204.1606627,0.003967738
-68.96307149,204.1869285,0.002175962
-68.97739831,204.1726017,0.001197955
-68.98933734,204.1606627,0.000404262
-68.98933734,204.1606627,0.000350905
-68.98933734,204.1606627,0.000311358
-68.97357783,204.1764222,0.000279751
-69.00059413,204.1494059,0.000245429
-68.98933734,204.1606627,0.000216047
-68.98933734,204.1606627,0.000191376
-68.98933734,204.1606627,0.000170956
-68.98933734,204.1606627,0.000148155
-68.98933734,204.1606627,6.70239E-05
-68.98933734,204.1606627,5.76947E-05
-68.98933734,204.1606627,1.0619E-05
-68.92367271,204.2263273,0.001459472
-68.91053979,204.2394602,0.000811391
-68.92554884,204.2244512,0.000105634
-68.87114101,204.278859,0.001848742
-68.85800809,204.2919919,0.001028844
-68.94993856,204.2000614,3.00664E-05
-68.79234346,204.3576565,0.003642793
-68.81860931,204.3313907,0.000644737
-68.83174223,204.3182578,0.00450397
-68.77921053,204.3707895,0.002603273
-68.72667883,204.4233212,0.00166607
-68.76727151,204.3827285,8.04493E-05
-68.70041298,204.449587,0.00057471
-68.75294468,204.3970553,0.000491401
-68.72667883,204.4233212,0.000439704
-68.72142566,204.4285743,0.000129771
-68.70041298,204.449587,3.17019E-05
-68.64788128,204.5021187,0.002314659
-68.65313445,204.4968655,0.001245705
-68.66220811,204.4877919,0.000369278
-68.67414713,204.4758529,0.000310804
-68.67414713,204.4758529,0.000275313
-68.67414713,204.4758529,0.000243874
-68.67414713,204.4758529,0.000213854
-68.67414713,204.4758529,0.000189433
-68.67414713,204.4758529,0.000167971
-68.66101421,204.4889858,0.00015412
-68.67414713,204.4758529,6.52081E-05
-68.66539185,204.4846082,5.6821E-05
-68.67414713,204.4758529,1.91761E-05
-68.80547638,204.3445236,1.04587E-05
-68.63037072,204.5196293,0.001513529
-68.60702329,204.5429767,0.000847033
-68.62161543,204.5283846,0.000726276
-68.62161543,204.5283846,9.88853E-05
-68.62161543,204.5283846,3.76107E-05
-68.60410486,204.5458951,0.003122384
-68.62161543,204.5283846,0.001926305
-68.54281788,204.6071821,0.001054795
-68.59534958,204.5546504,0.003572701
-68.50079252,204.6492075,0.000120231
-68.46402033,204.6859797,8.41194E-05
-68.46402033,204.6859797,7.10816E-05
-68.40273334,204.7472667,0.000639552
-68.45526505,204.694735,0.000546261
-68.4167418,204.7332582,0.000428434
-68.38522278,204.7647772,0.000132182
-68.47977984,204.6702202,3.21676E-05
-68.34019561,204.8098044,0.002486132
-68.35895693,204.7910431,0.001597196
-68.34019561,204.8098044,0.000376185
-68.43775448,204.7122455,0.000346149
-68.41148863,204.7385114,0.000297965
-68.35895693,204.7910431,0.000264381
-68.35895693,204.7910431,0.000236968
-68.38522278,204.7647772,0.000192841
-68.43775448,204.7122455,0.000179482
-68.38522278,204.7647772,0.000147629
-68.35895693,204.7910431,6.57807E-05
-68.4508874,204.6991126,5.6246E-05
-68.38522278,204.7647772,1.8477E-05
-68.31518051,204.8348195,0.000919089
-68.31518051,204.8348195,0.000769002
-68.30642523,204.8435748,0.000488856
-68.41148863,204.7385114,9.95471E-05
-68.33269108,204.8173089,4.70329E-05
-68.30642523,204.8435748,3.81813E-05
-68.30642523,204.8435748,0.001108252
-68.13307061,205.0169294,0.002183103
-68.22762768,204.9223723,8.41132E-05
-68.07528574,205.0747143,0.000456362
-68.12256427,205.0274357,0.0016969
-68.07003257,205.0799674,0.000372103
-68.09104525,205.0589547,0.000249647
-68.02800721,205.1219928,0.000214142
-68.0318277,205.1181723,0.00016821
-68.04376672,205.1062333,0.000137301
-68.17509597,204.974904,6.98882E-05
-68.04376672,205.1062333,1.74763E-05
-67.99123502,205.158765,0.000968466
-68.07003257,205.0799674,0.000745983
-68.04376672,205.1062333,3.9089E-05
-67.93495106,205.2150489,0.000563484
-67.89742841,205.2525716,0.002004145
-67.88617162,205.2638284,7.909E-05
-67.7691692,205.3808308,0.00046619
-67.71982123,205.4301788,0.000634552
-67.72857652,205.4214235,0.000275231
-67.80737407,205.3426259,0.000222614
-67.75484237,205.3951576,0.000186452
-67.72857652,205.4214235,0.000156824
-67.83363992,205.3163601,0.000136141
-67.78110822,205.3688918,0.000109555
-67.78110822,205.3688918,4.45726E-05
-67.80737407,205.3426259,1.76227E-05
-67.66410579,205.4858942,0.000991014
-67.60475179,205.5452482,0.002705742
-67.63476991,205.5152301,0.001675547
-67.59724727,205.5527527,0.001292602
-67.54471557,205.6052844,0.002039306
-67.57098142,205.5790186,0.000529893
-67.44840745,205.7015926,0.001102371
-67.45397899,205.696021,0.000681839
-67.57098142,205.5790186,0.000432933
-67.46591801,205.684082,0.000365204
-67.59724727,205.5527527,5.65157E-05
-67.49218386,205.6578161,0.000274285
-67.41338631,205.7366137,0.000218133
-67.41338631,205.7366137,0.000174595
-67.41338631,205.7366137,0.000157868
-67.34209329,205.8079067,0.000970835
-67.38712046,205.7628795,0.000135208
-67.33458876,205.8154112,0.009976433
-67.32708423,205.8229158,0.002891255
-67.29638389,205.8536161,0.001695942
-67.30832291,205.8416771,0.001428226
-67.30832291,205.8416771,0.001265561
-67.36085461,205.7891454,0.029412617
-67.36085461,205.7891454,0.006693273
-67.25579121,205.8942088,0.003524123
-67.23702989,205.9129701,0.002622377
-67.25579121,205.8942088,0.002289425
-67.25579121,205.8942088,0.002027991
-67.19200272,205.9579973,0.078943504
-67.25579121,205.8942088,0.00548219
-67.22952536,205.9204746,0.000318879
-67.18224683,205.9677532,0.000249072
-67.20325951,205.9467405,7.26262E-05
-67.28205706,205.8679429,4.53989E-05
-67.22952536,205.9204746,0.10612992
-67.15072781,205.9992722,0.04098167
-67.13947102,206.010529,0.001107048
-67.12446196,206.025538,0.000677883
-67.15072781,205.9992722,0.000480519
-67.13196649,206.0180335,0.000360106
-67.22952536,205.9204746,0.000109352
-67.25579121,205.8942088,1.74132E-05
-67.12446196,206.025538,0.049638504
-67.09819611,206.0518039,0.000215556
-67.09819611,206.0518039,0.000161891
-67.07193026,206.0780697,8.49724E-05
-67.15072781,205.9992722,4.05873E-05
-67.08068554,206.0693145,0.058564656
-67.05617075,206.0938293,0.000929204
-67.0299049,206.1200951,0.000135147
-66.99605113,206.1539489,0.001768252
-66.99313271,206.1568673,0.00148749
-66.99313271,206.1568673,0.00131763
-67.04566441,206.1043356,0.001244324
-66.96686686,206.1831331,0.00040036
-66.99313271,206.1568673,5.94332E-05
-66.99313271,206.1568673,0.054197539
-67.04566441,206.1043356,0.029708392
-66.96686686,206.1831331,0.012308446
-66.93534784,206.2146522,0.002645244
-66.94435327,206.2056467,0.002351724
-66.94060101,206.209399,0.002076169
-66.91433516,206.2356648,0.000126381
-66.94060101,206.209399,0.083267941
-66.86930798,206.280692,0.033876916
-66.99313271,206.1568673,0.006692502
-66.91433516,206.2356648,0.005224719
-66.94060101,206.209399,0.00417278
-66.86180346,206.2881965,0.00084657
-66.87931402,206.270686,0.000238861
-66.88806931,206.2619307,7.52333E-05
-66.99313271,206.1568673,4.57016E-05
-66.94060101,206.209399,2.91503E-05
-66.85129711,206.2987029,0.038554267
-66.81452492,206.3354751,0.001097706
-66.8355376,206.3144624,0.000685475
-66.82678232,206.3232177,0.000479123
-66.83928987,206.3107101,0.000323593
-66.77106688,206.3789331,0.000152375
-66.88806931,206.2619307,9.22377E-05
-66.79613883,206.3538612,5.39899E-05
-66.7304742,206.4195258,0.003564606
-66.71921741,206.4307826,0.000548981
-66.86180346,206.2881965,3.77168E-05
-66.6779425,206.4720575,0.022460414
-66.65918118,206.4908188,0.001745636
-66.6779425,206.4720575,0.001456605
-66.65167665,206.4983233,0.001263171
-66.66480958,206.4851904,0.000294659
-66.80927175,206.3407282,5.88323E-05
-66.6254108,206.5245892,0.01636472
-66.60439812,206.5456019,0.004823394
-66.6254108,206.5245892,0.002654626
-66.66918722,206.4808128,0.000647294
-66.62916307,206.5208369,0.000200372
-66.6254108,206.5245892,0.000117869
-66.54661325,206.6033867,0.000949194
-66.5728791,206.5771209,0.000802984
-66.54661325,206.6033867,0.00023889
-66.5203474,206.6296526,0.013085845
-66.5203474,206.6296526,0.001118881
-66.50158608,206.6484139,0.000708541
-66.50840838,206.6415916,0.000451261
-66.49933472,206.6506653,0.000353596
-66.59914495,206.550855,0.014942035
-66.42841692,206.7215831,0.000234246
-66.4678157,206.6821843,0.000164608
-66.54661325,206.6033867,0.000141699
-66.4678157,206.6821843,5.00444E-05
-66.40402721,206.7459728,0.038626848
-66.38901815,206.7609819,0.002232649
-66.415284,206.734716,0.000535983
-66.4678157,206.6821843,8.83488E-05
-66.3627523,206.7872477,0.032475071
-66.44154985,206.7084502,0.022083691
-66.44154985,206.7084502,0.001870029
-66.415284,206.734716,0.001630183
-66.3627523,206.7872477,0.001477211
-66.415284,206.734716,0.001256712
-66.38901815,206.7609819,0.000296276
-66.44154985,206.7084502,2.29852E-05
-66.415284,206.734716,0.016867281
-66.35399701,206.796003,0.00459622
-66.3102206,206.8397794,0.002863342
-66.27344841,206.8765516,0.000208854
-66.33648645,206.8135136,0.000122503
-66.28395475,206.8660453,0.000964546
-66.28395475,206.8660453,0.012424509
-66.2051572,206.9448428,0.000733714
-66.2576889,206.8923111,0.000675041
-66.23142305,206.918577,0.00048119
-66.2051572,206.9448428,0.000405922
-66.29708767,206.8529123,0.000359882
-66.1939004,206.9560996,0.041014753
-66.17889134,206.9711087,0.001104162
-66.28395475,206.8660453,0.000331096
-66.12635964,207.0236404,0.000224378
-66.17889134,206.9711087,0.00017815
-66.23142305,206.918577,4.72559E-05
-66.2576889,206.8923111,1.63012E-05
-66.23142305,206.918577,0.002448177
-66.15262549,206.9973745,0.03319171
-66.04756209,207.1024379,0.001983324
-66.12635964,207.0236404,2.0985E-05
-65.96876454,207.1812355,0.002981125
-65.94249869,207.2075013,0.059238015
-65.94249869,207.2075013,0.001527613
-66.02129624,207.1287038,0.00089723
-65.99503039,207.1549696,0.000462095
-65.96876454,207.1812355,0.000401135
-65.89872227,207.2512777,0.000283221
-65.96876454,207.1812355,0.000198947
-65.89522016,207.2547798,9.63038E-05
-65.88996699,207.260033,0.00126287
-65.83743529,207.3125647,0.001111132
-65.83743529,207.3125647,0.000232435
-65.78490359,207.3650964,0.002481037
-65.70610604,207.443894,0.001994835
-65.73237189,207.4176281,0.003096024
-65.75863774,207.3913623,0.059634977
-65.61154898,207.538451,0.001456118
-65.70610604,207.443894,0.000699221
-65.62730849,207.5226915,0.096124327
-65.62730849,207.5226915,0.000278077
-65.62730849,207.5226915,9.79642E-05
-65.62730849,207.5226915,0.001101742
-65.52224508,207.6277549,0.000216176
-65.52224508,207.6277549,0.000182978
-65.40524266,207.7447573,0.002136422
-65.36464998,207.78535,0.116459914
-65.31211828,207.8378817,0.004890132
-65.2911056,207.8588944,0.001244897
-65.33838413,207.8116159,0.000625594
-65.33838413,207.8116159,0.000490876
-65.23332073,207.9166793,0.000400233
-65.23332073,207.9166793,0.000199455
-65.20705488,207.9429451,9.50265E-05
-65.20705488,207.9429451,0.000801289
-65.18078903,207.969211,0.1861421
-65.18078903,207.969211,0.003869359
-65.20705488,207.9429451,0.002398428
-65.20705488,207.9429451,0.002082043
-65.0809788,208.0690212,0.00142675
-65.10199148,208.0480085,0.037552956
-65.04945978,208.1005402,0.015265359
-65.12825733,208.0217427,0.005548174
-65.04945978,208.1005402,0.003193318
-65.03069846,208.1193015,0.001674181
-65.06617441,208.0838256,0.000278988
-65.04945978,208.1005402,4.62933E-05
-64.99167491,208.1583251,0.004710208
-64.99692808,208.1530719,0.001202338
-64.97066223,208.1793378,0.000962674
-64.98498905,208.1650109,0.000594706
-64.94439638,208.2056036,0.069143749
-64.93245735,208.2175426,0.055497212
-65.02319393,208.1268061,0.01309624
-64.94439638,208.2056036,0.00047376
-65.02319393,208.1268061,5.64702E-05
-64.88811241,208.2618876,0.000213395
-64.97066223,208.1793378,0.000159887
-64.89186468,208.2581353,0.000103713
-64.81306712,208.3369329,0.002847576
-64.83933297,208.310667,0.000877475
-64.82807618,208.3219238,0.000439802
-64.83933297,208.310667,0.000317623
-64.83933297,208.310667,0.000255342
-64.78680127,208.3631987,0.006305065
-64.76578859,208.3842114,0.001298653
-64.80256078,208.3474392,0.000121704
-64.73426957,208.4157304,0.247811122
-64.72551429,208.4244857,0.089208738
-64.83933297,208.310667,0.015947576
-64.76053542,208.3894646,0.005570003
-64.73051731,208.4194827,0.003949314
-64.70800372,208.4419963,0.003339546
-64.70800372,208.4419963,0.00232939
-64.73188177,208.4181182,0.001648518
-64.71675901,208.433241,0.000280585
-64.86559883,208.2844012,4.6135E-05
-64.68549014,208.4645099,0.009867941
-64.6764847,208.4735153,0.004459642
-64.6764847,208.4735153,0.002207344
-64.66860495,208.4813951,0.001017936
-64.66597836,208.4840216,0.000630538
-64.68173787,208.4682621,0.00053479
-64.70800372,208.4419963,8.39074E-05
-64.62920617,208.5207938,0.065730695
-64.62920617,208.5207938,0.05961388
-64.623953,208.526047,0.050306278
-64.62920617,208.5207938,0.007177702
-64.57667447,208.5733255,0.00149641
-64.56354155,208.5864585,0.000690198
-64.57667447,208.5733255,0.000470526
-64.65547202,208.494528,0.00013396
-64.68173787,208.4682621,0.000105646
-64.55040862,208.5995914,0.135143148
-64.57667447,208.5733255,0.002833016
-64.51538749,208.6346125,0.000840835
-64.48912164,208.6608784,0.000436908
-64.60294032,208.5470597,0.000314618
-64.52414277,208.6258572,0.000194027
-64.47161107,208.6783889,0.038603471
-64.47161107,208.6783889,0.00624106
-64.48912164,208.6608784,0.001258495
-64.49787692,208.6521231,0.247792771
-64.4153271,208.7346729,0.089947135
-64.41907937,208.7309206,0.005159453
-64.42283163,208.7271684,0.003962638
-64.48737058,208.6626294,0.003279956
-64.42283163,208.7271684,0.001841178
-64.55040862,208.5995914,0.000264956
-64.49787692,208.6521231,0.000157724
-64.49787692,208.6521231,0.010274352
-64.34778635,208.8022137,0.0044863
-64.4015688,208.7484312,0.002336435
-64.36654767,208.7834523,0.001065728
-64.36654767,208.7834523,0.000603875
-64.40594644,208.7440536,0.065615502
-64.28775012,208.8622499,0.049195122
-64.31401597,208.835984,0.007804875
-64.31401597,208.835984,0.006927608
-64.32527276,208.8247272,0.001446734
-64.31401597,208.835984,4.00422E-05
-64.26148427,208.8885157,0.002200377
-64.26148427,208.8885157,0.00014136
-64.22208549,208.9279145,0.003009753
-64.2052003,208.9447997,0.000856652
-64.30088304,208.849117,0.000452609
-64.20895257,208.9410474,0.000331439
-64.20895257,208.9410474,0.000195649
-64.26148427,208.8885157,8.28845E-05
-64.26148427,208.8885157,0.03860093
-64.15116769,208.9988323,0.006467259
-64.07762331,209.0723767,0.199044539
-64.20895257,208.9410474,0.085325154
-64.09195014,209.0580499,0.003962747
-64.15642086,208.9935791,0.001829764
-64.05135746,209.0986425,0.004672483
-64.04610429,209.1038957,0.002773072
-64.03559795,209.114402,0.002354335
-64.10388916,209.0461108,0.049441451
-64.10388916,209.0461108,0.007663697
-64.10388916,209.0461108,0.001453961
-64.10388916,209.0461108,0.000404972
-64.01458527,209.1354147,0.000162444
-64.10388916,209.0461108,3.98378E-05
-63.95504934,209.1949507,0.002109456
-63.92002821,209.2299718,0.000908801
-63.89376236,209.2562376,0.000471218
-63.92002821,209.2299718,0.000335429
-63.94629406,209.2037059,0.000265576
-63.94629406,209.2037059,0.000194156
-63.97255991,209.1774401,0.006720038
-63.97255991,209.1774401,0.000570967
-63.92002821,209.2299718,0.202415033
-63.87800285,209.2719971,0.004103995
-63.78869896,209.361301,0.001129278
-63.78869896,209.361301,0.000222709
-63.82372009,209.3262799,0.000101092
-63.81496481,209.3350352,0.155120165
-63.73616726,209.4138327,0.005175753
-63.86749651,209.2825035,0.002934349
-63.76243311,209.3875669,0.001752633
-63.78869896,209.361301,0.000153497
-63.68363556,209.4663644,0.000113927
-63.73616726,209.4138327,0.001498538
-63.63110386,209.5188961,8.98451E-05
-63.68363556,209.4663644,7.58572E-05
-63.68363556,209.4663644,2.89738E-05
-63.60483801,209.545162,0.002171215
-63.57857216,209.5714278,0.000382372
-63.57857216,209.5714278,0.000345041
-63.63110386,209.5188961,0.008182733
-63.60483801,209.545162,0.001343103
-63.60483801,209.545162,0.001158102
-63.4997746,209.6502254,0.000749951
-63.52604045,209.6239595,0.000240021
-63.41722479,209.7327752,0.006680186
-63.42336486,209.7266351,0.005003071
-63.4472429,209.7027571,0.155102296
-63.35718856,209.7928114,0.000992279
-63.4472429,209.7027571,0.000608601
-63.31591365,209.8340863,0.003808928
-63.32116682,209.8288332,0.002521227
-63.33342422,209.8165758,0.001573343
-63.3947112,209.7552888,8.95364E-05
-63.26338195,209.886618,0.000378172
-63.31591365,209.8340863,0.000109956
-63.15831855,209.9916815,0.00814029
-63.1320527,210.0179473,0.000484992
-63.1320527,210.0179473,0.0002452
-63.10578685,210.0442132,0.006775023
-63.1320527,210.0179473,0.005975199
-63.11891977,210.0310802,0.005024469
-63.09384783,210.0561522,0.002995178
-63.079521,210.070479,0.001801632
-63.03355576,210.1164442,0.000649613
-63.0269893,210.1230107,0.000167773
-63.00072345,210.1492766,0.003834294
-62.98196213,210.1680379,0.002485548
-62.9744576,210.1755424,0.000561797
-62.95344492,210.1965551,0.117970304
-62.92943042,210.2205696,0.002191535
-62.9219259,210.2280741,0.001909315
-62.9219259,210.2280741,0.00133871
-62.93943646,210.2105635,0.001096949
-62.94819175,210.2018083,0.000384039
-62.94819175,210.2018083,0.000184532
-62.86939419,210.2806058,0.000836636
-62.89566005,210.25434,0.000280236
-62.89566005,210.25434,3.85038E-05
-62.84312834,210.3068717,0.00047313
-62.82853621,210.3214638,0.000233261
-62.84312834,210.3068717,0.000141535
-62.84312834,210.3068717,0.000105407
-62.79059664,210.3594034,0.013034294
-62.79059664,210.3594034,0.006440597
-62.76433079,210.3856692,0.005028143
-62.83437306,210.3156269,0.002973188
-62.77089726,210.3791027,0.001734474
-62.89566005,210.25434,2.11767E-05
-62.84312834,210.3068717,0.154812007
-62.72612592,210.4238741,0.000675473
-62.68553324,210.4644668,0.102124265
-62.65926739,210.4907326,0.002604712
-62.67677796,210.473222,0.000538974
-62.76433079,210.3856692,0.119643932
-62.76433079,210.3856692,0.007507224
-62.61424022,210.5357598,0.002255505
-62.73806494,210.4119351,0.002018314
-62.63300154,210.5169985,0.00142854
-62.63300154,210.5169985,0.001222265
-62.65176286,210.4982371,0.001075585
-62.63300154,210.5169985,0.000388097
-62.62424626,210.5257537,0.000306752
-62.61198886,210.5380111,0.00018442
-62.64175682,210.5082432,7.15279E-05
-62.60673569,210.5432643,0.008406352
-62.56853082,210.5814692,0.004290392
-62.59923116,210.5507688,0.003600479
-62.55420399,210.595796,0.00093283
-62.58046984,210.5695302,0.000806585
-62.65926739,210.4907326,0.00025776
-62.60673569,210.5432643,4.03457E-05
-62.52793814,210.6220619,0.011170076
-62.53319131,210.6168087,0.000215465
-62.50167229,210.6483277,0.000146861
-62.61986862,210.5301314,0.000100376
-62.55420399,210.595796,3.1721E-05
-62.48065961,210.6693404,0.014216257
-62.45664512,210.6933549,0.005780521
-62.47540644,210.6745936,0.005078748
-62.46414965,210.6858504,0.003306391
-62.50167229,210.6483277,0.001645552
-62.42287474,210.7271253,0.000732229
-62.39660889,210.7533911,0.000599501
-62.42287474,210.7271253,1.04202E-05
-62.31781134,210.8321887,0.09740918
-62.31781134,210.8321887,0.054209433
-62.39660889,210.7533911,0.00982771
-62.31781134,210.8321887,0.002520435
-62.44914059,210.7008594,0.002122712
-62.33357085,210.8164292,0.00139193
-62.42287474,210.7271253,0.001253874
-62.31781134,210.8321887,0.00105026
-62.35158172,210.7984183,0.000393231
-62.44914059,210.7008594,0.000362183
-62.39660889,210.7533911,0.000307075
-62.34407719,210.8059228,6.9996E-05
-62.30655454,210.8434455,0.004425562
-62.24651831,210.9034817,0.000958987
-62.39660889,210.7533911,0.000887201
-62.26527964,210.8847204,0.116346891
-62.23901379,210.9109862,0.04123688
-62.23901379,210.9109862,0.018711812
-62.31781134,210.8321887,0.007698206
-62.22400473,210.9259953,0.003084821
-62.21274794,210.9372521,0.000203591
-62.34407719,210.8059228,0.00014735
-62.16897152,210.9810285,0.051362956
-62.16897152,210.9810285,0.01532884
-62.23901379,210.9109862,0.006153234
-62.18648208,210.9635179,0.00515411
-62.16021623,210.9897838,0.07477383
-62.13395038,211.0160496,0.00067987
-62.12081746,211.0291825,0.000563474
-62.18648208,210.9635179,0.000167461
-62.13395038,211.0160496,0.012693706
-62.05515283,211.0948472,0.00183999
-62.10768453,211.0423155,0.097238871
-62.01575406,211.1342459,0.002315697
-61.97635528,211.1736447,0.001486822
-62.10768453,211.0423155,6.66547E-05
-61.92382358,211.2261764,0.001185107
-62.02888698,211.121113,0.001085774
-61.95008943,211.1999106,0.000940936
-62.00262113,211.1473789,0.000426754
-61.94352297,211.206477,0.003139579
-61.89755773,211.2524423,0.008198976
-61.84502603,211.304974,0.004113834
-61.77673482,211.3732652,0.002597568
-61.79249433,211.3575057,0.000710225
-61.73470946,211.4152905,0.003531567
-61.73996263,211.4100374,0.001838569
-61.84502603,211.304974,0.000507991
-61.76622848,211.3837715,0.000121282
-61.68743093,211.4625691,0.002093806
-61.73996263,211.4100374,0.001527402
-61.68743093,211.4625691,0.00137432
-61.68743093,211.4625691,0.000586142
-61.66116508,211.4888349,0.005022175
-61.63489923,211.5151008,0.0012318
-61.62964606,211.5203539,0.001065353
-61.63865149,211.5113485,0.000956317
-61.68743093,211.4625691,0.000367626
-61.6401524,211.5098476,0.000337364
-61.63489923,211.5151008,0.023686556
-61.66116508,211.4888349,0.000293851
-61.58893399,211.561066,0.00023927
-61.57520411,211.5747959,0.000156954
-61.55610168,211.5938983,0.012589229
-61.60863338,211.5413666,0.008821368
-61.52983582,211.6201642,0.000445414
-61.60863338,211.5413666,2.43849E-05
-61.57361224,211.5763878,0.003200605
-61.45629144,211.6937086,0.002491902
-61.46271198,211.687288,0.000728728
-61.60863338,211.5413666,0.000256808
-61.4128334,211.7371666,0.001803257
-61.45103827,211.6989617,0.000122377
-61.36098393,211.7890161,0.004019879
-61.39850657,211.7514934,0.003525847
-61.37224072,211.7777593,0.001497429
-61.47730412,211.6726959,0.000804408
-61.37224072,211.7777593,8.96305E-05
-61.42477242,211.7252276,5.08568E-05
-61.42477242,211.7252276,4.38148E-05
-61.37224072,211.7777593,3.74622E-05
-61.31970902,211.830291,0.001310868
-61.31970902,211.830291,0.001086447
-61.31970902,211.830291,0.00034596
-61.28819,211.86181,0.02324536
-61.30394951,211.8460505,0.000407077
-61.29344317,211.8565568,0.0001665
-61.21464562,211.9353544,0.01066915
-61.29344317,211.8565568,0.008850256
-61.21989879,211.9301012,0.007177289
-61.34597487,211.8040251,0.000564762
-61.21464562,211.9353544,0.000297795
-61.24091147,211.9090885,0.016839961
-61.24091147,211.9090885,0.002686098
-61.24091147,211.9090885,0.002355446
-61.16211392,211.9878861,0.000699403
-61.18837977,211.9616202,0.027815654
-61.10958222,212.0404178,0.020403379
-61.0976432,212.0523568,0.01311624
-61.14752178,212.0024782,0.001831635
-61.11333448,212.0366655,0.000975961
-61.15085713,211.9991429,0.000467292
-61.10958222,212.0404178,0.000198193
-61.07581184,212.0741882,0.003763459
-61.18837977,211.9616202,0.00152021
-61.13584807,212.0141519,0.000249944
-61.08331637,212.0666836,8.88709E-05
-61.08331637,212.0666836,3.96997E-05
-61.03078467,212.1192153,0.001280207
-60.93228773,212.2177123,0.023178272
-60.95573938,212.1942606,0.003030641
-60.95198712,212.1980129,0.000375045
-60.95198712,212.1980129,0.00017139
-60.89945542,212.2505446,0.008672124
-60.95198712,212.1980129,0.007446317
-60.95198712,212.1980129,0.004619462
-61.00451882,212.1454812,0.000507857
-60.89945542,212.2505446,0.000307448
-61.00451882,212.1454812,6.14573E-05
-60.76812616,212.3818738,0.020060498
-60.81315334,212.3368467,0.012798828
-60.79439201,212.355608,0.000937433
-60.76812616,212.3818738,0.11344872
-60.7261008,212.4238992,0.023884073
-60.76812616,212.3818738,0.011972078
-60.74561258,212.4043874,0.005437559
-60.87318956,212.2768104,0.00366141
-60.87318956,212.2768104,4.04053E-05
-60.67056729,212.4794327,0.001342515
-60.76812616,212.3818738,1.08627E-05
-60.61803559,212.5319644,0.033374224
-60.63679691,212.5132031,0.003114601
-60.61053106,212.5394689,0.000412266
-60.64555219,212.5044478,0.000214758
-60.76812616,212.3818738,0.000166263
-60.58426521,212.5657348,0.081302687
-60.59302049,212.5569795,0.008459734
-60.66306276,212.4869372,0.006212657
-60.56550389,212.5844961,0.002408812
-60.60177578,212.5482242,0.001497572
-60.58426521,212.5657348,0.000580048
-60.56550389,212.5844961,0.000322027
-60.5429903,212.6070097,0.017940317
-60.61053106,212.5394689,0.004203266
-60.47044653,212.6795535,0.009625284
-60.48158961,212.6684104,0.007389688
-60.49496132,212.6550387,0.002099237
-60.47920181,212.6707982,0.001750831
-60.45293596,212.697064,0.000991734
-60.45293596,212.697064,0.045966042
-60.42667011,212.7233299,0.022835608
-60.40790879,212.7420912,0.012397184
-60.40040426,212.7495957,0.005280047
-60.41353718,212.7364628,0.000737956
-60.3853952,212.7646048,0.000200038
-60.45293596,212.697064,0.000144901
-60.42667011,212.7233299,8.5046E-05
-60.36100548,212.7889945,0.001356507
-60.3583789,212.7916211,0.001061062
-60.37413841,212.7758616,3.84086E-05
-60.42667011,212.7233299,0.036655084
-60.31410218,212.8358978,0.00331611
-60.34036803,212.809632,0.000431642
-60.29534086,212.8546591,0.000214735
-60.26907501,212.880925,0.081706423
-60.24806233,212.9019377,0.006459356
-60.26907501,212.880925,0.00261389
-60.22967623,212.9203238,0.000619878
-60.24806233,212.9019377,0.000377624
-60.32685988,212.8231401,0.000335187
-60.27432818,212.8756718,9.88931E-05
-60.34787256,212.8021274,6.74079E-05
-60.26907501,212.880925,4.67722E-05
-60.19027745,212.9597225,0.018367404
-60.19553062,212.9544694,0.010627732
-60.1640116,212.9859884,0.008906924
-60.13774575,213.0122542,0.007771078
-60.1640116,212.9859884,0.002201258
-60.26907501,212.880925,0.000275515
-60.08521405,213.0647859,0.021699087
-60.1114799,213.0385201,0.012814499
-60.13024123,213.0197588,0.005131495
-60.12461283,213.0253872,0.000205524
-60.1114799,213.0385201,8.73601E-05
-60.19027745,212.9597225,5.48857E-05
-60.03268235,213.1173176,0.124892184
-60.07208113,213.0779189,0.107645313
-60.1640116,212.9859884,0.042221684
-60.0589482,213.0910518,0.004195468
-60.05019292,213.0998071,0.001352194
-60.1640116,212.9859884,0.001122312
-59.99515971,213.1548403,0.050714251
-60.07208113,213.0779189,0.003258916
-59.96264008,213.1873599,0.084877536
-59.94863163,213.2013684,0.06968977
-59.98015065,213.1698493,0.00639711
-59.98015065,213.1698493,0.002800498
-60.0589482,213.0910518,0.000673731
-59.9538848,213.1961152,0.000537608
-59.98015065,213.1698493,0.000430598
-60.03268235,213.1173176,0.000366818
-60.0064165,213.1435835,0.000323018
-60.01517179,213.1348282,9.59971E-05
-59.88259178,213.2674082,0.016639528
-59.9013531,213.2486469,0.011160888
-59.9013531,213.2486469,0.009903069
-59.9013531,213.2486469,0.001695388
-60.03268235,213.1173176,0.000220582
-60.03268235,213.1173176,0.000164553
-59.98015065,213.1698493,7.48182E-05
-59.98015065,213.1698493,3.6635E-05
-59.98015065,213.1698493,1.66013E-05
-59.83006008,213.3199399,0.008690101
-59.8488214,213.3011786,0.00753836
-59.8488214,213.3011786,0.002315101
-59.85257366,213.2974263,0.000838369
-59.77002385,213.3799762,0.022965881
-59.8488214,213.3011786,0.020970007
-59.82255555,213.3274445,0.013368831
-59.8488214,213.3011786,0.005006661
-59.73500271,213.4149973,0.127429942
-59.72499668,213.4250033,0.109613142
-59.8488214,213.3011786,0.103766444
-59.77002385,213.3799762,0.001394471
-59.68747403,213.462526,0.049053415
-59.70435922,213.4456408,0.014611505
-59.7962897,213.3537103,0.000120901
-59.66496045,213.4850396,0.088143686
-59.6386946,213.5113054,0.067306987
-59.71749215,213.4325079,0.006802115
-59.6386946,213.5113054,0.002876677
-59.77002385,213.3799762,0.000564483
-59.5861629,213.5638371,0.034315909
-59.71749215,213.4325079,0.018621619
-59.5861629,213.5638371,0.003740945
-59.6386946,213.5113054,0.001574172
-59.5861629,213.5638371,0.000694365
-59.66496045,213.4850396,0.000334892
-59.5861629,213.5638371,0.00027177
-59.6386946,213.5113054,0.000154463
-59.53071277,213.6192872,0.041742017
-59.53363119,213.6163688,0.009968857
-59.52169217,213.6283078,0.008019752
-59.50736534,213.6426347,0.002406276
-59.53888436,213.6111156,9.38094E-05
-59.66496045,213.4850396,4.70002E-05
-59.52987893,213.6201211,0.022431751
-59.48109949,213.6689005,0.012661819
-59.42856779,213.7214322,0.131030057
-59.44732911,213.7026709,0.106946702
-59.42856779,213.7214322,0.027941134
-59.4443273,213.7056727,0.000898404
-59.37078292,213.7792171,0.042899182
-59.45483364,213.6951664,0.000121092
-59.42856779,213.7214322,0.092838426
-59.32350439,213.8264956,0.067755233
-59.30474307,213.8452569,0.055530469
-59.29723854,213.8527615,0.002949956
-59.40230194,213.7476981,0.034141006
-59.25903367,213.8909663,0.017980231
-59.27097269,213.8790273,0.000726595
-59.27097269,213.8790273,0.000539306
-59.34977024,213.8002298,0.000260107
-59.32350439,213.8264956,0.243670016
-59.32350439,213.8264956,0.008465869
-59.24470684,213.9052932,0.007153548
-59.29723854,213.8527615,0.006106293
-59.21844099,213.931559,0.002418245
-59.29723854,213.8527615,0.001744298
-59.21844099,213.931559,9.67847E-05
-59.24470684,213.9052932,0.013116659
-59.24470684,213.9052932,0.000384434
-59.24470684,213.9052932,0.000201357
-59.21844099,213.931559,0.104799577
-59.13964344,214.0103566,0.076924542
-59.11337759,214.0366224,0.028127214
-59.11337759,214.0366224,0.005176974
-59.08054528,214.0694547,0.000826453
-59.16590929,213.9840907,0.000168292
-59.13964344,214.0103566,0.041363708
-59.13964344,214.0103566,0.00046422
-59.00831419,214.1416858,0.067497998
-59.07210268,214.0778973,0.055767403
-59.08711174,214.0628883,0.134912045
-59.00831419,214.1416858,0.019781132
-58.97679517,214.1732048,0.016508026
-59.06084589,214.0891541,0.003659331
-59.06084589,214.0891541,0.000525819
-59.06084589,214.0891541,0.000335393
-58.95578249,214.1942175,0.000241094
-58.90325079,214.2467492,0.007128731
-58.92201211,214.2279879,0.002315542
-58.98204834,214.1679517,9.75959E-05
-58.95578249,214.1942175,0.013338219
-58.85071908,214.2992809,0.009588052
-58.90325079,214.2467492,0.002757441
-58.85071908,214.2992809,0.001408228
-58.85071908,214.2992809,0.000202352
-58.92951664,214.2204834,0.028748145
-58.87698493,214.2730151,0.005159184
-58.79818738,214.3518126,0.000769299
-58.82445323,214.3255468,0.000384384
-58.82445323,214.3255468,0.114762814
-58.69312398,214.456876,0.070062391
-58.77192153,214.3780785,0.00046888
-58.74565568,214.4043443,0.204139539
-58.66685813,214.4831419,0.015997387
-58.74565568,214.4043443,5.27765E-05
-58.66685813,214.4831419,0.242392162
-58.58806058,214.5619394,0.147982201
-58.59331375,214.5566862,0.019110596
-58.66685813,214.4831419,0.004433299
-58.57680379,214.5731962,0.002332063
-58.66685813,214.4831419,2.89283E-05
-58.51676756,214.6332324,0.081622298
-58.58806058,214.5619394,0.008857663
-58.64059228,214.5094077,0.006742803
-58.54678567,214.6032143,0.001411146
-58.66685813,214.4831419,0.000201321
-58.61432643,214.5356736,0.000122702
-58.50926303,214.640737,0.003443472
-58.50926303,214.640737,0.002712884
-58.50926303,214.640737,0.060919209
-58.43922076,214.7107792,0.0701749
-58.40419963,214.7458004,0.025035949
-58.43046548,214.7195345,0.000688873
-58.43046548,214.7195345,0.000382399
-58.40419963,214.7458004,0.015996071
-58.37793378,214.7720662,0.11416849
-58.35166793,214.7983321,0.005942192
-58.35166793,214.7983321,0.099609277
-58.22033867,214.9296613,0.082067583
-58.35166793,214.7983321,0.000123938
-58.24660453,214.9033955,0.149721022
-58.24660453,214.9033955,0.008635784
-58.22033867,214.9296613,0.003639931
-58.16780697,214.982193,0.030692378
-58.11527527,215.0347247,0.009897529
-58.24660453,214.9033955,0.006707995
-58.09426259,215.0557374,0.005300577
-58.14154112,215.0084589,0.004492693
-58.11527527,215.0347247,0.001008688
-58.24660453,214.9033955,0.000220458
-58.07149886,215.0785011,0.024865272
-58.03647772,215.1135223,0.002650467
-58.03647772,215.1135223,0.00175934
-57.98978288,215.1602171,0.012229862
-58.06274357,215.0872564,0.002119797
-58.01021187,215.1397881,0.0008395
-58.01021187,215.1397881,0.069717874
-57.98394602,215.166054,0.018800524
-58.03647772,215.1135223,0.003091171
-57.90514847,215.2448515,0.079475318
-58.01021187,215.1397881,0.001345275
-57.95768017,215.1923198,0.001158979
-57.88413579,215.2658642,0.000713189
-58.01021187,215.1397881,4.20342E-05
-57.85786994,215.2921301,0.120673385
-57.8351062,215.3148938,0.023638464
-57.80533824,215.3446618,0.013360386
-57.85261677,215.2973832,0.000400116
-57.78695214,215.3630479,0.190382358
-57.82635092,215.3236491,0.008866742
-57.85261677,215.2973832,0.005452274
-57.78882828,215.3611717,0.004847032
-57.86837628,215.2816237,0.004317264
-57.80008507,215.3499149,0.001039631
-57.82635092,215.3236491,0.000331558
-57.80008507,215.3499149,5.19672E-05
-57.86137205,215.2886279,0.002692309
-57.77381922,215.3761808,0.001872151
-57.77381922,215.3761808,0.000553963
-57.82635092,215.3236491,0.000484799
-57.74755337,215.4024466,0.00017093
-57.80008507,215.3499149,1.32831E-05
-57.69210324,215.4578968,0.01145778
-57.65824948,215.4917505,0.008044577
-57.77381922,215.3761808,0.002240738
-57.72128752,215.4287125,0.00085081
-57.69502167,215.4549783,0.000207105
-57.74755337,215.4024466,8.08562E-05
-57.64248997,215.50751,0.025756932
-57.64248997,215.50751,0.006408596
-57.74755337,215.4024466,2.93616E-05
-57.56369242,215.5863076,0.071587865
-57.57801924,215.5719808,0.01571524
-57.60309119,215.5469088,0.010226318
-57.60871959,215.5412804,0.000676624
-57.53742656,215.6125734,0.124584604
-57.53742656,215.6125734,0.100088272
-57.58995827,215.5600417,0.04738616
-57.50240543,215.6475946,0.013287318
-57.66875582,215.4812442,0.000416595
-57.56369242,215.5863076,0.180153698
-57.46613354,215.6838665,0.01852808
-57.50065437,215.6493456,0.007601633
-57.48489486,215.6651051,0.00134732
-57.48489486,215.6651051,0.001044793
-57.53742656,215.6125734,5.11813E-05
-57.48489486,215.6651051,0.146567178
-57.48489486,215.6651051,0.068866281
-57.45862901,215.691371,0.000145645
-57.48489486,215.6651051,0.011573392
-57.38639792,215.7636021,0.009046507
-57.45862901,215.691371,0.001581065
-57.37983146,215.7701685,0.000862258
-57.42710999,215.72289,0.000207436
-57.37983146,215.7701685,2.292E-05
-57.28602485,215.8639751,0.02451468
-57.37983146,215.7701685,0.006375775
-57.35356561,215.7964344,0.003213649
-57.32729976,215.8227002,0.001954733
-57.30978919,215.8402108,0.015883231
-57.25600674,215.8939933,0.002147594
-57.2710158,215.8789842,0.000680471
-57.27476806,215.8752319,0.00033861
-57.30103391,215.8489661,1.89541E-05
-57.19597051,215.9540295,0.125624657
-57.19597051,215.9540295,0.094524086
-57.19597051,215.9540295,0.013741163
-57.15094334,215.9990567,0.11305881
-57.22223636,215.9277636,0.019472674
-57.22223636,215.9277636,0.001386337
-57.16970466,215.9802953,0.001039951
-57.22223636,215.9277636,0.000235348
-57.06464126,216.0853587,0.009761863
-57.16970466,215.9802953,0.00266018
-57.05588597,216.094114,0.000857344
-57.07589805,216.0741019,0.000211241
-57.11717296,216.032827,1.51446E-05
-57.11717296,216.032827,0.02335618
-56.98584371,216.1641563,0.002243961
-56.95957786,216.1904221,0.001722594
-56.98584371,216.1641563,0.000711549
-57.03837541,216.1116246,0.000338015
-56.98584371,216.1641563,0.196606122
-56.92580748,216.2241925,0.097151239
-56.95957786,216.1904221,0.000505934
-56.93331201,216.216688,5.48667E-05
-56.84138153,216.3086185,0.139318042
-56.85451445,216.2954855,0.117626203
-56.76521056,216.3847894,0.006570742
-56.74945105,216.4005489,0.003998077
-56.74945105,216.4005489,0.000909055
-56.76258398,216.387416,0.000218416
-56.7757169,216.3742831,0.175320893
-56.80198275,216.3480172,0.026767131
-56.67815803,216.471842,0.005112647
-56.8282486,216.3217514,0.000593189
-56.80198275,216.3480172,1.89129E-05
-56.7757169,216.3742831,0.002320676
-56.65314293,216.4968571,0.001607511
-56.59185595,216.558144,0.003260852
-56.57084327,216.5791567,0.002736005
-56.6181218,216.5318782,0.00117678
-56.64964082,216.5003592,0.00030385
-56.6181218,216.5318782,0.150149541
-56.53932425,216.6106758,0.117021864
-56.6181218,216.5318782,0.058866618
-56.5655901,216.5844099,0.017508883
-56.5655901,216.5844099,0.000105377
-56.43426085,216.7157392,0.375931385
-56.53932425,216.6106758,0.105775086
-56.41324817,216.7367518,0.01075768
-56.43426085,216.7157392,0.007087321
-56.48679255,216.6632075,0.004127736
-56.43426085,216.7157392,0.000515917
-56.47803727,216.6719627,0.000225593
-56.4605267,216.6894733,3.23068E-05
-56.42550556,216.7244944,0.005449837
-56.32919745,216.8208026,0.480704046
-56.3554633,216.7945367,0.0504133
-56.32919745,216.8208026,0.000931405
-56.43426085,216.7157392,0.000138425
-56.3029316,216.8470684,0.003041311
-56.3554633,216.7945367,0.002482065
-56.32919745,216.8208026,0.118801238
-56.32919745,216.8208026,0.01768539
-56.2503999,216.8996001,0.191980653
-56.2503999,216.8996001,0.021572893
-56.2503999,216.8996001,0.000292367
-56.11907064,217.0309294,0.406171844
-56.22413404,216.925866,0.058859352
-56.13220357,217.0177964,0.011166507
-56.2503999,216.8996001,0.010144811
-56.22413404,216.925866,0.007195088
-56.19786819,216.9521318,0.00166234
-56.11907064,217.0309294,0.00050708
-56.22413404,216.925866,3.24681E-05
-56.17160234,216.9783977,0.000105364
-56.01400724,217.1359928,0.463954751
-56.11907064,217.0309294,0.050071129
-56.11907064,217.0309294,0.000929776
-55.96147554,217.1885245,0.266139013
-55.98774139,217.1622586,0.016037894
-55.88267799,217.267322,0.127276247
-55.85641214,217.2935879,0.034103101
-55.96147554,217.1885245,0.00029531
-55.93520969,217.2147903,0.00047964
-55.7408424,217.4091576,0.146117539
-55.69881704,217.451183,0.442541209
-55.77761459,217.3723854,0.000230924
-55.64628534,217.5037147,0.249616159
-55.67255119,217.4774488,0.054719765
-55.57499231,217.5750077,0.174749721
-55.58062071,217.5693793,0.042805001
-55.59375364,217.5562464,3.5373E-05
-55.57499231,217.5750077,0.219834076
-55.54122193,217.6087781,0.03550622
-55.62001949,217.5299805,0.01609015
-55.48493797,217.665062,0.131683115
-55.51495608,217.6350439,0.107175413
-55.41739721,217.7326028,0.33700676
-55.43090536,217.7190946,0.190001752
-55.3873791,217.7626209,0.150815596
-55.54122193,217.6087781,0.004384433
-55.35736098,217.792639,0.439523081
-55.39938634,217.7506137,0.373613479
-55.40989268,217.7401073,0.289469749
-55.35736098,217.792639,0.088867455
-55.40989268,217.7401073,0.000371255
-55.40989268,217.7401073,0.000231677
-55.22978399,217.920216,0.175033757
-55.38362683,217.7663732,0.043676158
-55.27856343,217.8714366,0.024101726
-55.22603173,217.9239683,0.232892357
-55.22603173,217.9239683,0.101287107
-55.16224324,217.9877568,0.343958467
-55.13147467,218.0185253,0.14588313
-55.1262215,218.0237785,0.053291771
-55.08719795,218.0628021,0.465608915
-55.06843663,218.0815634,0.290415315
-55.14723418,218.0027658,0.004339817
-55.01590493,218.1340951,0.197147741
-55.07719191,218.0728081,0.132046968
-55.01590493,218.1340951,0.078605117
-55.01590493,218.1340951,0.018438297
-55.06843663,218.0815634,0.178804365
-54.96337323,218.1866268,0.024139966
-55.01590493,218.1340951,0.405348276
-54.96337323,218.1866268,0.247053733
-54.96337323,218.1866268,0.0003791
-54.80577812,218.3442219,0.158373323
-54.81453341,218.3354666,0.052526265
-54.74198963,218.4080104,0.473009995
-54.77951227,218.3704877,0.289802771
-54.77951227,218.3704877,0.080474478
-54.72698057,218.4230194,0.000111899
-54.72698057,218.4230194,0.332264971
-54.70071472,218.4492853,0.135409183
-54.64818302,218.501817,0.212286854
-54.56938547,218.5806145,0.159431981
-54.59565132,218.5543487,0.000844271
-54.54311962,218.6068804,0.488594655
-54.38027135,218.7697287,0.079334145
-54.43805622,218.7119438,0.067084346
-54.46432207,218.6856779,0.046942832
-54.35925867,218.7907413,0.256330268
-54.20166356,218.9483364,0.420540873
-54.28046112,218.8695389,0.001449493
-54.28046112,218.8695389,0.000504234
-54.14913186,219.0008681,0.002876574
-53.91273921,219.2372608,0.242112957
-53.99153676,219.1584632,0.000662337
-53.99153676,219.1584632,0.401144274
-53.86020751,219.2897925,0.065896589
-53.78140996,219.36859,0.000421732
-53.51875145,219.6312485,0.000662239
-53.4399539,219.7100461,0.087066567
-53.2823588,219.8676412,0.001463756
-53.3348905,219.8151095,0.000424523
-53.2823588,219.8676412,0.000655532
-53.09849785,220.0515022,0.082351018
-53.1772954,219.9727046,0.000307222
-52.94090275,220.2090973,0.079619539
-52.78330764,220.3666924,0.097446325
-52.70451009,220.4454899,0.000667668
-52.62571254,220.5242875,0.000304081
-52.59944669,220.5505533,2.46875E-05
-52.49438329,220.6556167,0.096457898
-52.12666138,221.0233386,0.106163984
-51.99533213,221.1546679,0.000682295
-51.62761023,221.5223898,0.105968775
-51.54881267,221.6011873,0.001108034
-51.65387608,221.4961239,2.5184E-05
-51.12855907,222.0214409,0.119812398
-51.18109077,221.9689092,0.106670109
-50.73457131,222.4154287,0.088918364
-50.70830546,222.4416945,0.106654311
-50.39311526,222.7568847,0.00446673
-50.36684941,222.7831506,0.088908121
-50.23552015,222.9144798,0.000529692
-50.07792505,223.0720749,0.004488911
-49.9465958,223.2034042,0.071033401
-49.86779825,223.2822018,0.000532314
-49.60513975,223.5448603,0.064546543
-49.57887389,223.5711261,0.001904556
-49.36874709,223.7812529,0.063037838
-48.94849349,224.2015065,0.046359412
-48.73836668,224.4116333,5.85002E-05
-48.55450573,224.5954943,0.044585035
-48.55450573,224.5954943,0.000609863
-48.18678382,224.9632162,0.000619105
-48.00292287,225.1470771,0.044464865
-47.68773267,225.4622673,0.04468567
-47.53013756,225.6198624,4.99162E-05
-47.32001076,225.8299892,5.02503E-05
-47.16241566,225.9875843,0.055017021
-46.95228886,226.1977111,0.001401571
-46.5583011,226.5916989,0.07182368
-46.6108328,226.5391672,0.055510042
-46.05924994,227.0907501,0.072786511
-45.56019878,227.5898012,0.091506628
-45.37633783,227.7736622,0.091501358
-45.06114763,228.0888524,0.076534442
-44.90355252,228.2464475,0.003348929
-44.58836232,228.5616377,0.077040336
-44.37823552,228.7717645,0.003382383
-44.03677946,229.1132205,0.03721183
-43.51146245,229.6385375,0.057452528
-43.24880395,229.9011961,0.103751076
-43.3276015,229.8223985,0.058032661
-42.98614545,230.1638546,0.105061193
-42.38203089,230.7679691,0.104248271
-42.27696748,230.8730325,0.117683322
-41.80418218,231.3458178,0.118860884
-41.41019442,231.7398056,0.17359969
-40.96367497,232.186325,0.172700666
-40.43835796,232.711642,0.183464785
-40.22823115,232.9217688,0.183452708
-39.75544585,233.3945542,0.152921757
-39.36145809,233.7885419,0.147963125
-39.03313496,234.116865,0.159193179
-38.57348258,234.5765174,0.177284643
-38.10069727,235.0493027,0.185504489
-37.83803877,235.3119612,0.189914533
-37.23392421,235.9160758,0.1947363
-36.89246815,236.2575318,0.124199065
-36.5510121,236.5989879,0.117769537
-36.26208774,236.8879123,0.115111799
-36.05196094,237.0980391,0.114524149
-35.71050489,237.4394951,0.121874314
-35.15892203,237.991078,0.12539229
-34.85949133,238.2905087,0.138852133
-34.58107332,238.5689267,0.142607982
-34.39721237,238.7527876,0.133422406
-34.13455386,239.0154461,0.149598695
-33.84562951,239.3043705,0.12854733
-33.66176856,239.4882314,0.129845352
-33.29404665,239.8559534,0.143634908
-32.95259059,240.1974094,0.142895767
-32.61113454,240.5388655,0.181541993
-32.58486869,240.5651313,0.00687065
-32.37474189,240.7752581,0.211166049
-32.25842169,240.8915783,0.188355358
-32.11208338,241.0379166,0.128911004
-32.05955168,241.0904483,0.176625528
-31.69182978,241.4581702,0.119889978
-31.37663957,241.7733604,0.120282594
-31.06144937,242.0885506,0.122726014
-30.50986651,242.6401335,0.119778335
-30.33476084,242.8152392,0.11645672
-30.0896129,243.0603871,0.102457859
